{
    "counter": {
        "ACTIVE": 17430,
        "INACTIVE": 3569,
        "INVALID": 1,
        "MALICIOUS": 0,
        "SANE": 0,
        "VALID": 0,
        "total": 21000
    },
    "percentage": {
        "ACTIVE": 83.0,
        "INACTIVE": 16.999285544177184,
        "INVALID": 0.00928332714444857,
        "MALICIOUS": 0,
        "SANE": 0,
        "VALID": 0,
        "total": 100.00856887132163
    }
}