{
    "counter": {
        "ACTIVE": 16735,
        "INACTIVE": 4265,
        "INVALID": 0,
        "MALICIOUS": 0,
        "SANE": 0,
        "VALID": 0,
        "total": 21000
    },
    "percentage": {
        "ACTIVE": 79.69047619047619,
        "INACTIVE": 20.31049097576075,
        "INVALID": 0,
        "MALICIOUS": 0,
        "SANE": 0,
        "VALID": 0,
        "total": 100.00096716623693
    }
}