{
    "counter": {
        "ACTIVE": 16933,
        "INACTIVE": 4067,
        "INVALID": 0,
        "MALICIOUS": 0,
        "SANE": 0,
        "VALID": 0,
        "total": 21000
    },
    "percentage": {
        "ACTIVE": 80.63333333333334,
        "INACTIVE": 19.367588932806324,
        "INVALID": 0,
        "MALICIOUS": 0,
        "SANE": 0,
        "VALID": 0,
        "total": 100.00092226613967
    }
}