{
    "counter": {
        "ACTIVE": 16476,
        "INACTIVE": 4524,
        "INVALID": 0,
        "MALICIOUS": 0,
        "SANE": 0,
        "VALID": 0,
        "total": 21000
    },
    "percentage": {
        "ACTIVE": 78.45714285714286,
        "INACTIVE": 21.54388304204962,
        "INVALID": 0,
        "MALICIOUS": 0,
        "SANE": 0,
        "VALID": 0,
        "total": 100.00102589919248
    }
}