{
    "counter": {
        "ACTIVE": 14589,
        "INACTIVE": 6411,
        "INVALID": 0,
        "MALICIOUS": 0,
        "SANE": 0,
        "VALID": 0,
        "total": 21000
    },
    "percentage": {
        "ACTIVE": 69.47142857142858,
        "INACTIVE": 30.548937386829316,
        "INVALID": 0,
        "MALICIOUS": 0,
        "SANE": 0,
        "VALID": 0,
        "total": 100.02036595825788
    }
}