{
    "counter": {
        "ACTIVE": 16122,
        "INACTIVE": 4878,
        "INVALID": 0,
        "MALICIOUS": 0,
        "SANE": 0,
        "VALID": 0,
        "total": 21000
    },
    "percentage": {
        "ACTIVE": 76.77142857142857,
        "INACTIVE": 23.228571428571428,
        "INVALID": 0.0,
        "MALICIOUS": 0.0,
        "SANE": 0.0,
        "VALID": 0.0,
        "total": 100.0
    }
}