{
    "counter": {
        "ACTIVE": 14640,
        "INACTIVE": 6360,
        "INVALID": 0,
        "MALICIOUS": 0,
        "SANE": 0,
        "VALID": 0,
        "total": 21000
    },
    "percentage": {
        "ACTIVE": 69.71428571428571,
        "INACTIVE": 30.285714285714285,
        "INVALID": 0.0,
        "MALICIOUS": 0.0,
        "SANE": 0.0,
        "VALID": 0.0,
        "total": 100.0
    }
}