{
    "counter": {
        "ACTIVE": 16217,
        "INACTIVE": 4783,
        "INVALID": 0,
        "MALICIOUS": 0,
        "SANE": 0,
        "VALID": 0,
        "total": 21000
    },
    "percentage": {
        "ACTIVE": 77.22380952380952,
        "INACTIVE": 22.777275108338493,
        "INVALID": 0,
        "MALICIOUS": 0,
        "SANE": 0,
        "VALID": 0,
        "total": 100.00108463214801
    }
}