{
    "counter": {
        "ACTIVE": 16341,
        "INACTIVE": 4659,
        "INVALID": 0,
        "MALICIOUS": 0,
        "SANE": 0,
        "VALID": 0,
        "total": 21000
    },
    "percentage": {
        "ACTIVE": 77.81428571428572,
        "INACTIVE": 22.18677079860946,
        "INVALID": 0,
        "MALICIOUS": 0,
        "SANE": 0,
        "VALID": 0,
        "total": 100.00105651289518
    }
}