{
    "counter": {
        "ACTIVE": 18427,
        "INACTIVE": 2572,
        "INVALID": 1,
        "MALICIOUS": 0,
        "SANE": 0,
        "VALID": 0,
        "total": 21000
    },
    "percentage": {
        "ACTIVE": 87.74761904761905,
        "INACTIVE": 12.24878559862844,
        "INVALID": 0.005277880403230063,
        "MALICIOUS": 0,
        "SANE": 0,
        "VALID": 0,
        "total": 100.00168252665073
    }
}